2016-06-14T20:22:20+0000,http://savremenisport.com/slike/tekstovi/tekst_(337)_sportisti-i-cokolada.jpg,Mina voli cokoladu
2016-06-12T12:35:19+0000,http://www-tc.pbs.org/black-culture/lunchbox_plugins/s/photogallery/img/no-image-available.jpg,hamooo
2016-06-12T12:33:25+0000,http://www-tc.pbs.org/black-culture/lunchbox_plugins/s/photogallery/img/no-image-available.jpg,evo
2016-06-11T21:58:22+0000,http://www-tc.pbs.org/black-culture/lunchbox_plugins/s/photogallery/img/no-image-available.jpg,test za karlu
2016-06-11T18:51:27+0000,http://www-tc.pbs.org/black-culture/lunchbox_plugins/s/photogallery/img/no-image-available.jpg,hajde<br>molim te<br><br><br>dizda
2016-06-11T18:47:17+0000,http://www-tc.pbs.org/black-culture/lunchbox_plugins/s/photogallery/img/no-image-available.jpg,Gotovo sa vremenima :D
2016-06-11T18:41:53+0000,http://www-tc.pbs.org/black-culture/lunchbox_plugins/s/photogallery/img/no-image-available.jpg,Gotovo sa vremenima :D
2016-06-09T17:30:44+0000,http://www-tc.pbs.org/black-culture/lunchbox_plugins/s/photogallery/img/no-image-available.jpg,dino
2016-06-09T15:18:08+0000,http://www.poslovni.hr/media/cache/fd/53/fd533996db141179c546d584dd75441f.jpg,Evo pive :D
2016-06-08T19:19:24+0000,http://www-tc.pbs.org/black-culture/lunchbox_plugins/s/photogallery/img/no-image-available.jpg,Dino
2016-06-08T19:05:20+0000,http://www-tc.pbs.org/black-culture/lunchbox_plugins/s/photogallery/img/no-image-available.jpg,hvala emza
2016-06-08T19:04:58+0000,http://www-tc.pbs.org/black-culture/lunchbox_plugins/s/photogallery/img/no-image-available.jpg,hehehehepek
2015-06-08T18:17:11+0000,http://www-tc.pbs.org/black-culture/lunchbox_plugins/s/photogallery/img/no-image-available.jpg,hajde
2016-06-08T18:20:52+0000,http://www-tc.pbs.org/black-culture/lunchbox_plugins/s/photogallery/img/no-image-available.jpg,hepek
